,importance
Bwd Packet Length Std,0.3167209
Packet Length Variance,0.20464346
Average Packet Size,0.14071614
Max Packet Length,0.04687183
Subflow Fwd Packets,0.036727972
Bwd Header Length,0.030267198
Total Length of Bwd Packets,0.024001453
Idle Mean,0.019507822
Flow Bytes/s,0.01945897
Fwd Packet Length Max,0.017674515
Fwd Packet Length Std,0.013637508
Idle Max,0.013139238
Fwd Header Length.1,0.010457583
Active Std,0.009837691
FIN Flag Count,0.0055510723
Fwd Packet Length Mean,0.0054654726
Fwd PSH Flags,0.0052005253
Fwd Header Length,0.0048902314
Avg Bwd Segment Size,0.004811906
Total Backward Packets,0.0046858285
Bwd Packet Length Mean,0.004420929
Bwd IAT Mean,0.004389628
Init_Win_bytes_backward,0.0042545404
Destination Port,0.004034425
Packet Length Std,0.003633687
Subflow Bwd Packets,0.0029419544
min_seg_size_forward,0.0027364076
Fwd IAT Mean,0.0027044304
Bwd Packet Length Max,0.0021505607
Fwd IAT Min,0.0021138128
Min Packet Length,0.0020443562
Active Max,0.0018660869
PSH Flag Count,0.0018066231
Subflow Bwd Bytes,0.0017621558
Idle Min,0.0017027681
Flow IAT Min,0.0016644826
Init_Win_bytes_forward,0.0014522608
Subflow Fwd Bytes,0.0014116347
Bwd IAT Std,0.0013848589
Total Fwd Packets,0.0012993276
Bwd Packets/s,0.0012721788
Fwd Packets/s,0.001237953
Total Length of Fwd Packets,0.0011480892
Bwd Packet Length Min,0.00103308
Avg Fwd Segment Size,0.0009887669
Active Mean,0.00086878025
Bwd IAT Min,0.00076753524
act_data_pkt_fwd,0.0007450955
ACK Flag Count,0.00072938466
Packet Length Mean,0.0006787665
Fwd IAT Total,0.00067794963
SYN Flag Count,0.00060556235
Active Min,0.00060208683
Fwd Packet Length Min,0.00055051496
Fwd IAT Max,0.0005150842
Flow IAT Std,0.0005124849
URG Flag Count,0.0005007767
Flow IAT Max,0.00048369047
Flow Duration,0.0003904415
Down/Up Ratio,0.00036082132
Flow IAT Mean,0.00031211198
Bwd IAT Max,0.0002822023
Flow Packets/s,0.0002709266
Fwd IAT Std,0.00023176263
Bwd IAT Total,0.00014408247
Idle Std,4.7756745e-05
RST Flag Count,0.0
Bwd URG Flags,0.0
Bwd PSH Flags,0.0
Fwd URG Flags,0.0
Bwd Avg Bulk Rate,0.0
Bwd Avg Packets/Bulk,0.0
Bwd Avg Bytes/Bulk,0.0
Fwd Avg Bulk Rate,0.0
Fwd Avg Packets/Bulk,0.0
Fwd Avg Bytes/Bulk,0.0
CWE Flag Count,0.0
ECE Flag Count,0.0
